{"cameraMode":{"drawMode":0,"name":"Shaded","section":"Shading Mode"},"sceneLighting":true,"audioPlay":false,"sceneViewState":{"m_AlwaysRefresh":false,"showFog":true,"showSkybox":true,"showFlares":true,"showImageEffects":true,"showParticleSystems":true,"showVisualEffectGraphs":true,"m_FxEnabled":true},"in2DMode":false,"pivot":{"x":18.648292541503908,"y":7.796786308288574,"z":21.921430587768556},"rotation":{"x":-0.020172275602817537,"y":0.7286163568496704,"z":-0.02147708833217621,"w":-0.6842936277389526},"size":11.925186157226563,"orthographic":false}